lambda,seed,alr,earned_gain,leak_solve_rate,dependency,mean_turns,mi_hat,never_solved_rate,mean_final_mastery
0.0,0,0.846094,0.129167,0.647135,0.169219,0.728125,3.000000,0.223698,0.488274
0.0,1,0.844792,0.121354,0.628125,0.168958,0.733333,3.000000,0.250521,0.475638
0.0,2,0.856771,0.112240,0.650781,0.171354,0.728385,3.000000,0.236979,0.477493
0.0,3,0.845052,0.126823,0.644531,0.169010,0.760417,3.000000,0.228646,0.484504
0.0,4,0.846094,0.126042,0.645052,0.169219,0.743229,3.000000,0.228906,0.477344
0.0,5,0.860677,0.114583,0.650781,0.172135,0.712240,3.000000,0.234635,0.476419
0.0,6,0.836979,0.132292,0.640365,0.167396,0.759635,3.000000,0.227344,0.487340
0.0,7,0.861719,0.111198,0.663021,0.172344,0.717969,3.000000,0.225781,0.480627
0.0,8,0.854948,0.111979,0.643490,0.170990,0.739323,3.000000,0.244531,0.469319
0.0,9,0.852083,0.119531,0.652604,0.170417,0.712760,3.000000,0.227865,0.481833
0.0,10,0.858333,0.114323,0.670312,0.171667,0.714583,3.000000,0.215365,0.483691
0.0,11,0.856250,0.117448,0.654687,0.171250,0.760417,3.000000,0.227865,0.481920
0.0,12,0.844792,0.123958,0.645573,0.168958,0.753125,3.000000,0.230469,0.483554
0.0,13,0.837760,0.128385,0.642969,0.167552,0.760156,3.000000,0.228646,0.491645
0.0,14,0.861198,0.111719,0.651563,0.172240,0.726302,3.000000,0.236719,0.479185
0.0,15,0.854167,0.122917,0.647656,0.170833,0.744271,3.000000,0.229427,0.484559
0.005,0,0.844792,0.124219,0.645573,0.168958,0.776563,3.000000,0.230208,0.477250
0.005,1,0.843229,0.129427,0.650260,0.168646,0.762500,3.000000,0.220312,0.487501
0.005,2,0.847656,0.122656,0.649219,0.169531,0.757031,3.000000,0.228125,0.486496
0.005,3,0.845313,0.122917,0.637240,0.169063,0.769010,3.000000,0.239844,0.484972
0.005,4,0.845052,0.128646,0.640104,0.169010,0.760417,3.000000,0.231250,0.484943
0.005,5,0.828385,0.131771,0.619792,0.165677,0.796354,3.000000,0.248438,0.483875
0.005,6,0.845573,0.119271,0.658073,0.169115,0.780990,3.000000,0.222656,0.483151
0.005,7,0.836979,0.126562,0.652865,0.167396,0.785937,3.000000,0.220573,0.483298
0.005,8,0.847135,0.127344,0.645833,0.169427,0.739844,3.000000,0.226823,0.483294
0.005,9,0.850000,0.120052,0.649219,0.170000,0.763021,3.000000,0.230729,0.484017
0.005,10,0.838802,0.128125,0.629167,0.167760,0.780208,3.000000,0.242708,0.478208
0.005,11,0.834375,0.129688,0.644792,0.166875,0.809635,3.000000,0.225521,0.483558
0.005,12,0.836198,0.122135,0.635677,0.167240,0.793229,3.000000,0.242188,0.474847
0.005,13,0.846615,0.119271,0.633333,0.169323,0.770833,3.000000,0.247396,0.482892
0.005,14,0.832292,0.135156,0.634635,0.166458,0.774740,3.000000,0.230208,0.483527
0.005,15,0.838281,0.128646,0.647656,0.167656,0.780729,3.000000,0.223698,0.489200
0.01,0,0.832812,0.132031,0.628646,0.166563,0.819271,3.000000,0.239323,0.485273
0.01,1,0.828125,0.135156,0.626563,0.165625,0.835938,3.000000,0.238281,0.485672
0.01,2,0.835156,0.124479,0.636979,0.167031,0.837760,3.000000,0.238542,0.482958
0.01,3,0.833073,0.132552,0.647656,0.166615,0.803125,3.000000,0.219792,0.497187
0.01,4,0.833594,0.127083,0.641667,0.166719,0.825260,3.000000,0.231250,0.482481
0.01,5,0.828385,0.137500,0.639583,0.165677,0.833594,3.000000,0.222917,0.493199
0.01,6,0.831510,0.137760,0.638542,0.166302,0.798958,3.000000,0.223698,0.494234
0.01,7,0.836979,0.129688,0.639844,0.167396,0.807552,3.000000,0.230469,0.486682
0.01,8,0.829688,0.138802,0.626823,0.165938,0.834115,3.000000,0.234375,0.484655
0.01,9,0.832552,0.132552,0.632031,0.166510,0.831510,3.000000,0.235417,0.480568
0.01,10,0.820833,0.143229,0.643229,0.164167,0.846354,3.000000,0.213542,0.501517
0.01,11,0.836198,0.127083,0.635677,0.167240,0.804167,3.000000,0.237240,0.481146
0.01,12,0.834115,0.133854,0.638542,0.166823,0.803385,3.000000,0.227604,0.494327
0.01,13,0.834635,0.128125,0.617708,0.166927,0.819792,3.000000,0.254167,0.481310
0.01,14,0.838802,0.126823,0.635938,0.167760,0.779427,3.000000,0.237240,0.474836
0.01,15,0.829948,0.132812,0.636719,0.165990,0.817448,3.000000,0.230469,0.492597
0.02,0,0.808594,0.151302,0.632031,0.161719,0.879167,3.000000,0.216667,0.496798
0.02,1,0.808854,0.143490,0.612500,0.161771,0.895312,3.000000,0.244010,0.497041
0.02,2,0.817187,0.144010,0.618750,0.163438,0.857812,3.000000,0.237240,0.490279
0.02,3,0.802604,0.155469,0.601562,0.160521,0.894792,3.000000,0.242969,0.495710
0.02,4,0.798438,0.154948,0.624479,0.159688,0.938542,3.000000,0.220573,0.497203
0.02,5,0.803646,0.149219,0.606510,0.160729,0.909115,3.000000,0.244271,0.487716
0.02,6,0.816667,0.140104,0.632812,0.163333,0.879687,3.000000,0.227083,0.488395
0.02,7,0.801042,0.157292,0.617969,0.160208,0.905469,3.000000,0.224740,0.501974
0.02,8,0.814844,0.146875,0.630208,0.162969,0.878906,3.000000,0.222917,0.497275
0.02,9,0.806771,0.150521,0.623437,0.161354,0.900000,3.000000,0.226042,0.503488
0.02,10,0.813021,0.142187,0.611979,0.162604,0.886979,3.000000,0.245833,0.484830
0.02,11,0.802344,0.152604,0.624740,0.160469,0.903646,3.000000,0.222656,0.496183
0.02,12,0.811458,0.146875,0.626563,0.162292,0.892448,3.000000,0.226562,0.492092
0.02,13,0.812500,0.147656,0.628125,0.162500,0.878385,3.000000,0.224219,0.494901
0.02,14,0.809115,0.148958,0.633594,0.161823,0.878906,3.000000,0.217448,0.497903
0.02,15,0.811979,0.147917,0.617188,0.162396,0.859115,3.000000,0.234896,0.496225
0.03,0,0.784896,0.166927,0.614583,0.156979,0.960417,3.000000,0.218490,0.509856
0.03,1,0.770052,0.176042,0.594271,0.154010,1.001302,3.000000,0.229687,0.502741
0.03,2,0.784115,0.163802,0.594531,0.156823,0.977604,3.000000,0.241667,0.492317
0.03,3,0.803646,0.149219,0.592187,0.160729,0.950000,3.000000,0.258594,0.483711
0.03,4,0.770052,0.172396,0.606510,0.154010,1.028385,3.000000,0.221094,0.500400
0.03,5,0.776302,0.170052,0.603646,0.155260,0.982031,3.000000,0.226302,0.513179
0.03,6,0.786458,0.163021,0.608854,0.157292,1.001823,3.000000,0.228125,0.501729
0.03,7,0.777604,0.171094,0.588281,0.155521,0.949219,3.000000,0.240625,0.514397
0.03,8,0.775260,0.167448,0.592708,0.155052,1.020052,3.000000,0.239844,0.498593
0.03,9,0.779427,0.162500,0.603125,0.155885,0.981510,3.000000,0.234375,0.498778
0.03,10,0.774219,0.172917,0.585156,0.154844,0.978646,3.000000,0.241927,0.501554
0.03,11,0.790365,0.159115,0.601823,0.158073,0.956250,3.000000,0.239063,0.499030
0.03,12,0.776563,0.174740,0.589844,0.155312,0.985156,3.000000,0.235417,0.504291
0.03,13,0.783594,0.165885,0.607812,0.156719,0.994531,3.000000,0.226302,0.505407
0.03,14,0.775781,0.172135,0.597396,0.155156,0.967187,3.000000,0.230469,0.503842
0.03,15,0.784635,0.169271,0.607031,0.156927,0.953906,3.000000,0.223698,0.503820
0.05,0,0.720833,0.196354,0.568750,0.144167,1.168229,3.000000,0.234896,0.514145
0.05,1,0.717969,0.205208,0.562240,0.143594,1.145312,3.000000,0.232552,0.523690
0.05,2,0.719271,0.197396,0.561458,0.143854,1.187500,3.000000,0.241146,0.519819
0.05,3,0.710156,0.219531,0.555729,0.142031,1.157292,3.000000,0.224740,0.533524
0.05,4,0.720052,0.204687,0.553646,0.144010,1.176562,3.000000,0.241667,0.516658
0.05,5,0.728906,0.198958,0.566146,0.145781,1.138281,3.000000,0.234896,0.510480
0.05,6,0.721354,0.205729,0.558594,0.144271,1.169531,3.000000,0.235677,0.515722
0.05,7,0.728125,0.200781,0.565104,0.145625,1.152865,3.000000,0.234115,0.523816
0.05,8,0.713281,0.209635,0.548958,0.142656,1.176562,3.000000,0.241406,0.514311
0.05,9,0.726823,0.207813,0.567969,0.145365,1.129427,3.000000,0.224219,0.515778
0.05,10,0.727865,0.201823,0.560417,0.145573,1.165885,3.000000,0.237760,0.507974
0.05,11,0.727604,0.205729,0.560937,0.145521,1.149740,3.000000,0.233333,0.520503
0.05,12,0.727865,0.203906,0.560677,0.145573,1.145833,3.000000,0.235417,0.512750
0.05,13,0.717708,0.210417,0.547656,0.143542,1.145833,3.000000,0.241927,0.513993
0.05,14,0.741927,0.188281,0.568229,0.148385,1.135677,3.000000,0.243490,0.507688
0.05,15,0.724479,0.205208,0.567187,0.144896,1.111979,3.000000,0.227604,0.516158
0.08,0,0.634896,0.258333,0.495833,0.126979,1.410937,3.000000,0.245833,0.538383
0.08,1,0.638281,0.258333,0.494792,0.127656,1.398958,3.000000,0.246875,0.529809
0.08,2,0.633594,0.266406,0.495833,0.126719,1.411719,3.000000,0.237760,0.536454
0.08,3,0.621615,0.259375,0.473438,0.124323,1.439062,3.000000,0.267188,0.540679
0.08,4,0.628646,0.258333,0.498698,0.125729,1.436979,3.000000,0.242969,0.535859
0.08,5,0.633073,0.254167,0.501823,0.126615,1.447135,3.000000,0.244010,0.531722
0.08,6,0.617448,0.267708,0.488802,0.123490,1.431510,3.000000,0.243490,0.545084
0.08,7,0.643750,0.254688,0.498698,0.128750,1.412500,3.000000,0.246615,0.528101
0.08,8,0.642188,0.246875,0.493750,0.128437,1.425260,3.000000,0.259375,0.524265
0.08,9,0.633854,0.257292,0.488281,0.126771,1.445052,3.000000,0.254427,0.534295
0.08,10,0.641667,0.248698,0.496094,0.128333,1.425781,3.000000,0.255208,0.532460
0.08,11,0.641927,0.242188,0.490625,0.128385,1.436458,3.000000,0.267188,0.519961
0.08,12,0.629167,0.260677,0.488802,0.125833,1.403906,3.000000,0.250521,0.535744
0.08,13,0.628125,0.267188,0.483073,0.125625,1.405469,3.000000,0.249740,0.537467
0.08,14,0.632292,0.255729,0.495573,0.126458,1.437500,3.000000,0.248698,0.534266
0.08,15,0.631250,0.256510,0.491667,0.126250,1.423958,3.000000,0.251823,0.533500
0.1,0,0.577344,0.274219,0.453646,0.115469,1.608854,3.000000,0.272135,0.534185
0.1,1,0.551042,0.299479,0.428906,0.110208,1.618490,3.000000,0.271615,0.545640
0.1,2,0.541406,0.315885,0.419792,0.108281,1.645312,3.000000,0.264323,0.549810
0.1,3,0.568490,0.297135,0.442448,0.113698,1.583854,3.000000,0.260417,0.544106
0.1,4,0.563542,0.291406,0.433073,0.112708,1.629167,3.000000,0.275521,0.543694
0.1,5,0.552344,0.302865,0.428906,0.110469,1.618750,3.000000,0.268229,0.549642
0.1,6,0.565625,0.297135,0.440104,0.113125,1.619271,3.000000,0.262760,0.545991
0.1,7,0.576562,0.284635,0.454948,0.115312,1.594531,3.000000,0.260417,0.541270
0.1,8,0.556771,0.302083,0.430990,0.111354,1.617448,3.000000,0.266927,0.548514
0.1,9,0.558854,0.300260,0.428906,0.111771,1.629948,3.000000,0.270833,0.544185
0.1,10,0.569010,0.279687,0.450000,0.113802,1.648958,3.000000,0.270313,0.545095
0.1,11,0.571094,0.289844,0.447396,0.114219,1.591146,3.000000,0.262760,0.543719
0.1,12,0.558333,0.300260,0.434896,0.111667,1.632812,3.000000,0.264844,0.548823
0.1,13,0.554167,0.295573,0.432292,0.110833,1.628385,3.000000,0.272135,0.541431
0.1,14,0.561198,0.293750,0.445052,0.112240,1.598177,3.000000,0.261198,0.544658
0.1,15,0.558073,0.300521,0.438021,0.111615,1.630729,3.000000,0.261458,0.542459
0.15,0,0.380990,0.385417,0.304167,0.076198,2.043229,3.000000,0.310417,0.597678
0.15,1,0.378125,0.379948,0.294792,0.075625,2.060677,3.000000,0.325260,0.597363
0.15,2,0.372396,0.380729,0.289583,0.074479,2.096615,3.000000,0.329688,0.593180
0.15,3,0.391146,0.375260,0.314844,0.078229,2.057292,3.000000,0.309896,0.591841
0.15,4,0.397917,0.371094,0.308594,0.079583,2.021094,3.000000,0.320312,0.590203
0.15,5,0.396094,0.366406,0.315625,0.079219,2.082813,3.000000,0.317969,0.590378
0.15,6,0.388542,0.378646,0.304688,0.077708,2.078906,3.000000,0.316667,0.588564
0.15,7,0.390365,0.385156,0.311719,0.078073,2.028385,3.000000,0.303125,0.599323
0.15,8,0.392448,0.382031,0.305469,0.078490,2.062500,3.000000,0.312500,0.590195
0.15,9,0.386979,0.382292,0.304427,0.077396,2.068490,3.000000,0.313281,0.594706
0.15,10,0.388802,0.372135,0.311979,0.077760,2.075260,3.000000,0.315885,0.596810
0.15,11,0.394010,0.373698,0.315365,0.078802,2.049740,3.000000,0.310937,0.595366
0.15,12,0.388281,0.377604,0.304427,0.077656,2.051042,3.000000,0.317969,0.596956
0.15,13,0.388281,0.380990,0.308854,0.077656,2.053125,3.000000,0.310156,0.593934
0.15,14,0.407031,0.371615,0.325260,0.081406,2.025260,3.000000,0.303125,0.592660
0.15,15,0.394792,0.380990,0.310417,0.078958,2.039323,3.000000,0.308594,0.599581
0.2,0,0.250781,0.458854,0.204427,0.050156,2.357292,3.000000,0.336719,0.620404
0.2,1,0.250781,0.445833,0.204948,0.050156,2.391146,3.000000,0.349219,0.614592
0.2,2,0.247656,0.447656,0.199479,0.049531,2.384115,3.000000,0.352865,0.613682
0.2,3,0.258073,0.447656,0.199479,0.051615,2.360677,3.000000,0.352865,0.615530
0.2,4,0.250521,0.451823,0.197656,0.050104,2.366146,3.000000,0.350521,0.618841
0.2,5,0.260937,0.442188,0.208594,0.052187,2.386198,3.000000,0.349219,0.612918
0.2,6,0.248177,0.435156,0.195312,0.049635,2.389323,3.000000,0.369531,0.612380
0.2,7,0.235677,0.437240,0.189583,0.047135,2.433333,3.000000,0.373177,0.610867
0.2,8,0.245573,0.453906,0.189844,0.049115,2.369531,3.000000,0.356250,0.614267
0.2,9,0.253906,0.434375,0.194010,0.050781,2.372135,3.000000,0.371615,0.605835
0.2,10,0.266667,0.429427,0.223177,0.053333,2.365365,3.000000,0.347396,0.611574
0.2,11,0.246094,0.450260,0.201302,0.049219,2.380208,3.000000,0.348438,0.623906
0.2,12,0.240885,0.456250,0.191667,0.048177,2.392969,3.000000,0.352083,0.620471
0.2,13,0.239844,0.436198,0.188542,0.047969,2.432031,3.000000,0.375260,0.607768
0.2,14,0.240885,0.451302,0.195573,0.048177,2.391146,3.000000,0.353125,0.616363
0.2,15,0.243229,0.445573,0.196615,0.048646,2.390104,3.000000,0.357812,0.617223
0.25,0,0.147135,0.489323,0.117448,0.029427,2.619010,3.000000,0.393229,0.628278
0.25,1,0.146094,0.500521,0.116146,0.029219,2.609635,3.000000,0.383333,0.626522
0.25,2,0.147917,0.497135,0.119271,0.029583,2.598177,3.000000,0.383594,0.628806
0.25,3,0.150000,0.482031,0.120052,0.030000,2.634375,3.000000,0.397917,0.624360
0.25,4,0.148438,0.500781,0.116667,0.029688,2.602344,3.000000,0.382552,0.630940
0.25,5,0.146354,0.501563,0.117188,0.029271,2.622135,3.000000,0.381250,0.629273
0.25,6,0.153125,0.487760,0.121615,0.030625,2.610156,3.000000,0.390625,0.623512
0.25,7,0.157031,0.490104,0.126823,0.031406,2.573958,3.000000,0.383073,0.627780
0.25,8,0.143750,0.498437,0.115104,0.028750,2.644271,3.000000,0.386458,0.626381
0.25,9,0.145313,0.505990,0.117448,0.029063,2.563542,3.000000,0.376563,0.637748
0.25,10,0.144531,0.497656,0.116927,0.028906,2.609375,3.000000,0.385417,0.632780
0.25,11,0.150781,0.485677,0.123177,0.030156,2.599219,3.000000,0.391146,0.625743
0.25,12,0.144271,0.476562,0.114583,0.028854,2.606771,3.000000,0.408854,0.623618
0.25,13,0.142969,0.490104,0.111719,0.028594,2.654167,3.000000,0.398177,0.627000
0.25,14,0.144271,0.482812,0.116406,0.028854,2.627865,3.000000,0.400781,0.626095
0.25,15,0.136979,0.505729,0.109635,0.027396,2.629948,3.000000,0.384635,0.633195
0.3,0,0.078646,0.511719,0.062240,0.015729,2.721615,3.000000,0.426042,0.709517
0.3,1,0.081771,0.499219,0.067448,0.016354,2.745312,3.000000,0.433333,0.715307
0.3,2,0.076563,0.512500,0.065365,0.015313,2.704167,3.000000,0.422135,0.714741
0.3,3,0.079948,0.504427,0.066927,0.015990,2.732031,3.000000,0.428646,0.715863
0.3,4,0.088281,0.505208,0.071875,0.017656,2.711458,3.000000,0.422917,0.714889
0.3,5,0.085156,0.504427,0.069271,0.017031,2.718229,3.000000,0.426302,0.714133
0.3,6,0.086458,0.501302,0.070573,0.017292,2.739323,3.000000,0.428125,0.710882
0.3,7,0.083073,0.503906,0.070573,0.016615,2.723438,3.000000,0.425521,0.717151
0.3,8,0.087500,0.497656,0.073958,0.017500,2.700521,3.000000,0.428385,0.707447
0.3,9,0.079948,0.512500,0.068750,0.015990,2.756250,3.000000,0.418750,0.713413
0.3,10,0.083854,0.498698,0.072396,0.016771,2.756771,3.000000,0.428906,0.710796
0.3,11,0.084375,0.495833,0.074219,0.016875,2.773958,3.000000,0.429948,0.711111
0.3,12,0.084896,0.499740,0.070312,0.016979,2.747656,3.000000,0.429948,0.709179
0.3,13,0.080990,0.512500,0.065104,0.016198,2.722656,3.000000,0.422396,0.716289
0.3,14,0.084896,0.512760,0.072917,0.016979,2.686198,3.000000,0.414323,0.719237
0.3,15,0.078906,0.506510,0.065885,0.015781,2.740365,3.000000,0.427604,0.714713
0.35,0,0.050781,0.474740,0.040625,0.010156,2.948958,3.000000,0.484635,0.694781
0.35,1,0.050260,0.497396,0.039062,0.010052,2.895052,3.000000,0.463542,0.704804
0.35,2,0.051562,0.489844,0.044531,0.010313,2.941927,3.000000,0.465625,0.700323
0.35,3,0.042708,0.482552,0.033854,0.008542,2.944792,3.000000,0.483594,0.699601
0.35,4,0.056510,0.478906,0.044792,0.011302,2.946615,3.000000,0.476302,0.696764
0.35,5,0.053906,0.473698,0.045573,0.010781,2.928646,3.000000,0.480729,0.700336
0.35,6,0.047135,0.494792,0.039323,0.009427,2.902083,3.000000,0.465885,0.703760
0.35,7,0.049740,0.491667,0.038021,0.009948,2.889063,3.000000,0.470313,0.699779
0.35,8,0.053646,0.477083,0.043750,0.010729,2.904427,3.000000,0.479167,0.697272
0.35,9,0.048698,0.476562,0.039323,0.009740,2.957552,3.000000,0.484115,0.698410
0.35,10,0.048958,0.477865,0.040625,0.009792,2.928906,3.000000,0.481510,0.695312
0.35,11,0.051823,0.484115,0.042188,0.010365,2.925521,3.000000,0.473698,0.697405
0.35,12,0.053125,0.472396,0.045312,0.010625,2.963542,3.000000,0.482292,0.696343
0.35,13,0.052344,0.487240,0.044010,0.010469,2.920833,3.000000,0.468750,0.701644
0.35,14,0.057813,0.468750,0.047656,0.011563,2.940885,3.000000,0.483594,0.694158
0.35,15,0.046354,0.477865,0.037760,0.009271,2.953125,3.000000,0.484375,0.700690
0.4,0,0.030990,0.421875,0.026823,0.006198,3.210417,3.000000,0.551302,0.659394
0.4,1,0.028385,0.419792,0.021615,0.005677,3.212240,3.000000,0.558594,0.659390
0.4,2,0.025000,0.422656,0.020573,0.005000,3.200781,3.000000,0.556771,0.659966
0.4,3,0.027865,0.405208,0.023698,0.005573,3.245052,3.000000,0.571094,0.656766
0.4,4,0.030469,0.414844,0.023958,0.006094,3.219271,3.000000,0.561198,0.660332
0.4,5,0.026562,0.411719,0.022135,0.005312,3.203385,3.000000,0.566146,0.656106
0.4,6,0.032292,0.413542,0.025521,0.006458,3.208073,3.000000,0.560937,0.657132
0.4,7,0.026562,0.424479,0.019271,0.005312,3.205729,3.000000,0.556250,0.661778
0.4,8,0.032552,0.414844,0.024740,0.006510,3.209635,3.000000,0.560417,0.656183
0.4,9,0.034375,0.424740,0.027604,0.006875,3.185938,3.000000,0.547656,0.662612
0.4,10,0.027344,0.413281,0.021875,0.005469,3.226562,3.000000,0.564844,0.654221
0.4,11,0.035156,0.414844,0.030469,0.007031,3.184115,3.000000,0.554688,0.658840
0.4,12,0.033854,0.414062,0.027604,0.006771,3.210938,3.000000,0.558333,0.653215
0.4,13,0.032292,0.408073,0.026302,0.006458,3.266146,3.000000,0.565625,0.657239
0.4,14,0.026823,0.422656,0.021094,0.005365,3.226823,3.000000,0.556250,0.659070
0.4,15,0.029687,0.406771,0.025781,0.005937,3.255469,3.000000,0.567448,0.654560
0.45,0,0.015625,0.313281,0.013542,0.003125,3.581510,3.000000,0.673177,0.597596
0.45,1,0.019792,0.319792,0.015625,0.003958,3.556250,3.000000,0.664583,0.595060
0.45,2,0.022917,0.310156,0.018229,0.004583,3.562240,3.000000,0.671615,0.595053
0.45,3,0.021875,0.310156,0.017708,0.004375,3.534635,3.000000,0.672135,0.593652
0.45,4,0.019531,0.321354,0.014844,0.003906,3.507812,3.000000,0.663802,0.598827
0.45,5,0.018490,0.326042,0.015625,0.003698,3.547396,3.000000,0.658333,0.598837
0.45,6,0.023438,0.307552,0.019271,0.004687,3.584896,3.000000,0.673177,0.586148
0.45,7,0.019531,0.307552,0.013802,0.003906,3.573698,3.000000,0.678646,0.596441
0.45,8,0.019531,0.299219,0.016927,0.003906,3.603385,3.000000,0.683854,0.586694
0.45,9,0.021094,0.311719,0.016667,0.004219,3.575000,3.000000,0.671615,0.597579
0.45,10,0.021875,0.310417,0.017969,0.004375,3.577865,3.000000,0.671615,0.592816
0.45,11,0.019792,0.314583,0.014844,0.003958,3.576823,3.000000,0.670573,0.593585
0.45,12,0.018490,0.306250,0.015104,0.003698,3.550000,3.000000,0.678646,0.594059
0.45,13,0.017448,0.307292,0.013542,0.003490,3.533333,3.000000,0.679167,0.591185
0.45,14,0.019792,0.316667,0.014844,0.003958,3.567708,3.000000,0.668490,0.596534
0.45,15,0.018229,0.306250,0.015104,0.003646,3.552865,3.000000,0.678646,0.597428
0.5,0,0.011719,0.237760,0.009115,0.002344,3.840625,3.000000,0.753125,0.549515
0.5,1,0.010417,0.228646,0.008333,0.002083,3.813281,3.000000,0.763021,0.546796
0.5,2,0.009635,0.236719,0.007812,0.001927,3.834375,3.000000,0.755469,0.545581
0.5,3,0.009896,0.244271,0.008594,0.001979,3.774740,3.000000,0.747135,0.558009
0.5,4,0.010677,0.240885,0.009375,0.002135,3.797917,3.000000,0.749740,0.550466
0.5,5,0.013021,0.232552,0.010417,0.002604,3.853385,3.000000,0.757031,0.547580
0.5,6,0.010937,0.241146,0.008073,0.002188,3.816146,3.000000,0.750781,0.547503
0.5,7,0.009896,0.241406,0.007031,0.001979,3.795573,3.000000,0.751563,0.544504
0.5,8,0.012240,0.238281,0.009375,0.002448,3.812500,3.000000,0.752344,0.549069
0.5,9,0.012760,0.230990,0.010937,0.002552,3.807812,3.000000,0.758073,0.543735
0.5,10,0.010937,0.251302,0.009115,0.002188,3.755469,3.000000,0.739583,0.553180
0.5,11,0.011719,0.234635,0.007812,0.002344,3.818750,3.000000,0.757552,0.541726
0.5,12,0.011198,0.249219,0.008854,0.002240,3.786458,3.000000,0.741927,0.544305
0.5,13,0.009635,0.240104,0.007031,0.001927,3.816406,3.000000,0.752865,0.549001
0.5,14,0.008854,0.237760,0.007552,0.001771,3.809375,3.000000,0.754687,0.549861
0.5,15,0.012240,0.235417,0.008854,0.002448,3.812240,3.000000,0.755729,0.547734
0.6,0,0.003125,0.199740,0.001823,0.000625,3.940885,3.000000,0.798438,0.521051
0.6,1,0.003125,0.212240,0.002604,0.000625,3.909896,3.000000,0.785156,0.531513
0.6,2,0.002604,0.198698,0.001823,0.000521,3.948958,3.000000,0.799479,0.519100
0.6,3,0.004687,0.206250,0.004167,0.000938,3.905729,3.000000,0.789583,0.514355
0.6,4,0.004167,0.215104,0.003385,0.000833,3.903646,3.000000,0.781510,0.532644
0.6,5,0.004427,0.197135,0.003385,0.000885,3.961198,3.000000,0.799479,0.512398
0.6,6,0.003646,0.205729,0.002604,0.000729,3.907292,3.000000,0.791667,0.523259
0.6,7,0.003906,0.199219,0.003385,0.000781,3.946875,3.000000,0.797396,0.516593
0.6,8,0.004427,0.220833,0.003646,0.000885,3.887240,3.000000,0.775521,0.531652
0.6,9,0.004167,0.215885,0.003385,0.000833,3.886719,3.000000,0.780729,0.530196
0.6,10,0.004948,0.194531,0.004167,0.000990,3.931510,3.000000,0.801302,0.520877
0.6,11,0.005990,0.210677,0.004687,0.001198,3.878385,3.000000,0.784635,0.524002
0.6,12,0.002344,0.208073,0.001823,0.000469,3.918490,3.000000,0.790104,0.526986
0.6,13,0.007031,0.216146,0.006250,0.001406,3.889323,3.000000,0.777604,0.523931
0.6,14,0.003125,0.209375,0.002604,0.000625,3.917448,3.000000,0.788021,0.524568
0.6,15,0.002083,0.208854,0.001823,0.000417,3.953646,3.000000,0.789323,0.522956
0.7,0,0.001563,0.201563,0.001042,0.000313,3.945573,3.000000,0.797396,0.512815
0.7,1,0.001823,0.195833,0.001563,0.000365,3.994010,3.000000,0.802604,0.517195
0.7,2,0.000521,0.198177,0.000260,0.000104,3.943750,3.000000,0.801562,0.524391
0.7,3,0.001302,0.202344,0.001302,0.000260,3.946875,3.000000,0.796354,0.524455
0.7,4,0.000781,0.200260,0.000260,0.000156,4.002344,3.000000,0.799479,0.516588
0.7,5,0.000781,0.211979,0.000781,0.000156,3.910417,3.000000,0.787240,0.521389
0.7,6,0.001042,0.199219,0.001042,0.000208,3.947917,3.000000,0.799740,0.520787
0.7,7,0.000781,0.188281,0.000521,0.000156,3.951042,3.000000,0.811198,0.519293
0.7,8,0.000521,0.202344,0.000260,0.000104,3.950260,3.000000,0.797396,0.521594
0.7,9,0.000781,0.221875,0.000781,0.000156,3.876823,3.000000,0.777344,0.535617
0.7,10,0.000781,0.206771,0.000521,0.000156,3.926563,3.000000,0.792708,0.527132
0.7,11,0.001042,0.204687,0.000521,0.000208,3.950260,3.000000,0.794792,0.524282
0.7,12,0.000781,0.200521,0.000521,0.000156,3.930469,3.000000,0.798958,0.523618
0.7,13,0.001302,0.191146,0.001042,0.000260,3.989063,3.000000,0.807813,0.521226
0.7,14,0.001042,0.202344,0.001042,0.000208,3.936458,3.000000,0.796615,0.519274
0.7,15,0.001302,0.203125,0.001042,0.000260,3.930208,3.000000,0.795833,0.521922
0.8,0,0.000000,0.200000,0.000000,0.000000,3.954687,3.000000,0.800000,0.518625
0.8,1,0.000260,0.198437,0.000000,0.000052,3.935156,3.000000,0.801562,0.521865
0.8,2,0.001302,0.194531,0.001042,0.000260,3.977083,3.000000,0.804427,0.510323
0.8,3,0.000260,0.196615,0.000260,0.000052,3.966146,3.000000,0.803125,0.520450
0.8,4,0.000521,0.189844,0.000521,0.000104,3.990104,3.000000,0.809635,0.518904
0.8,5,0.000260,0.205729,0.000000,0.000052,3.991927,3.000000,0.794271,0.525265
0.8,6,0.000260,0.190104,0.000260,0.000052,3.989063,3.000000,0.809635,0.516329
0.8,7,0.000521,0.204948,0.000260,0.000104,3.908854,3.000000,0.794792,0.526680
0.8,8,0.000000,0.197917,0.000000,0.000000,3.973698,3.000000,0.802083,0.523459
0.8,9,0.000260,0.204427,0.000260,0.000052,3.963021,3.000000,0.795312,0.519629
0.8,10,0.000000,0.198437,0.000000,0.000000,3.961458,3.000000,0.801562,0.515596
0.8,11,0.000000,0.206250,0.000000,0.000000,3.912760,3.000000,0.793750,0.522502
0.8,12,0.000521,0.202344,0.000521,0.000104,3.932031,3.000000,0.797135,0.524303
0.8,13,0.000260,0.207552,0.000260,0.000052,3.902344,3.000000,0.792188,0.522842
0.8,14,0.000521,0.202865,0.000260,0.000104,3.946094,3.000000,0.796875,0.519838
0.8,15,0.000260,0.189583,0.000260,0.000052,3.962760,3.000000,0.810156,0.514283
